Local Area Unemployment Statistics,,,,,,,,,,,,,,,,,,,,,,,,,,,,,,,,,,,,,
Years:,1976 to 2011,,,,,,,,,,,,,,,,,,,,,,,,,,,,,,,,,,,,
,,,,,,,,,,,,,,,,,,,,,,,,,,,,,,,,,,,,,
Series ID,"Annual
1976","Annual
1977","Annual
1978","Annual
1979","Annual
1980","Annual
1981","Annual
1982","Annual
1983","Annual
1984","Annual
1985","Annual
1986","Annual
1987","Annual
1988","Annual
1989","Annual
1990","Annual
1991","Annual
1992","Annual
1993","Annual
1994","Annual
1995","Annual
1996","Annual
1997","Annual
1998","Annual
1999","Annual
2000","Annual
2001","Annual
2002","Annual
2003","Annual
2004","Annual
2005","Annual
2006","Annual
2007","Annual
2008","Annual
2009","Annual
2010","Annual
2011","Annual
2012"
LASST01000003,,,,,,,,,,,,,,,,,,,,,,,,,,,,,,,,,,,,,8.1
LASST01000004,,,,,,,,,,,,,,,,,,,,,,,,,,,,,,,,,,,,,175013
LASST01000005,,,,,,,,,,,,,,,,,,,,,,,,,,,,,,,,,,,,,1985614
LASST01000006,,,,,,,,,,,,,,,,,,,,,,,,,,,,,,,,,,,,,2160627
LAUST01000003,6.4,6.8,5.9,6.8,8.4,9.7,13.2,12.8,10.2,8.6,9.1,7.6,6.9,6.6,6.3,6.9,6.9,6.6,5.4,5.2,4.5,4.4,3.9,4.3,4.1,4.7,5.4,5.4,5,3.8,3.5,3.4,5,9.9,9.5,9,7.8
LAUST01000004,95174,106571,96453,113519,141870,162480,224619,221228,178807,153395,166986,141100,129202,125403,120548,131653,133696,131031,108643,108024,93841,94641,83202,92393,87398,99936,113110,114425,106628,81284,75355,74323,108403,212778,206776,196542,171200
LAUST01000005,1396193,1459192,1524618,1552130,1538910,1507852,1478260,1505701,1576853,1628066,1671375,1710970,1742480,1770129,1782700,1783434,1809337,1850610,1909881,1955846,1992652,2035156,2059310,2070210,2067147,2034909,1994748,1989784,2007153,2051893,2098462,2104157,2054849,1931814,1972387,1993977,2011638
LAUST01000006,1491367,1565763,1621071,1665649,1680780,1670332,1702879,1726929,1755660,1781461,1838361,1852070,1871682,1895532,1903248,1915087,1943033,1981641,2018524,2063870,2086493,2129797,2142512,2162603,2154545,2134845,2107858,2104209,2113781,2133177,2173817,2178480,2163252,2144592,2179163,2190519,2182838
LASST02000003,,,,,,,,,,,,,,,,,,,,,,,,,,,,,,,,,,,,,7.1
LASST02000004,,,,,,,,,,,,,,,,,,,,,,,,,,,,,,,,,,,,,25909
LASST02000005,,,,,,,,,,,,,,,,,,,,,,,,,,,,,,,,,,,,,338703
LASST02000006,,,,,,,,,,,,,,,,,,,,,,,,,,,,,,,,,,,,,364612
LAUST02000003,7.6,9.6,10.6,9,9.4,9.1,9.8,10,9.9,9.6,11,10.2,8.7,6.9,7,8.2,8.9,7.7,7.5,7.1,7.5,7.1,6.1,6.2,6.2,6.2,7.1,7.7,7.4,6.9,6.5,6.1,6.4,7.7,8,7.6,6.0
LAUST02000004,12414,16673,19211,16449,17631,18068,21027,23232,24140,24126,28012,25501,21944,17727,19014,23000,25797,22500,22544,21568,23021,21998,19140,19488,19678,19790,23273,25787,25106,23715,22731,21366,22875,27860,29010,27712,21604
LAUST02000005,151344,156649,161581,165860,170798,181118,194142,208444,220709,226434,226417,225273,229576,238776,251026,255799,262980,271258,278198,282098,285552,289963,293939,297019,299324,301694,305112,310762,314753,320590,326109,330004,333638,332075,334939,339330,339989
LAUST02000006,163758,173322,180792,182309,188429,199186,215169,231676,244849,250560,254429,250774,251520,256503,270040,278799,288777,293758,300742,303666,308573,311961,313079,316507,319002,321484,328385,336549,339859,344305,348840,351370,356513,359935,363949,367042,361593
LASST04000003,,,,,,,,,,,,,,,,,,,,,,,,,,,,,,,,,,,,,8.1
LASST04000004,,,,,,,,,,,,,,,,,,,,,,,,,,,,,,,,,,,,,243640
LASST04000005,,,,,,,,,,,,,,,,,,,,,,,,,,,,,,,,,,,,,2767501
LASST04000006,,,,,,,,,,,,,,,,,,,,,,,,,,,,,,,,,,,,,3011141
LAUST04000003,9.8,8.4,6.1,5.1,6.7,6.2,10,9.2,5,6.3,6.9,6.4,6.3,5.3,5.3,5.7,7.4,6.4,6.1,5.3,5.5,4.6,4.3,4.5,4,4.7,6,5.7,5,4.7,4.1,3.7,6,9.9,10.5,9.5,8.1
LAUST04000004,96279,87537,65583,59346,82480,78714,134235,127464,71669,94759,107724,104062,105626,90113,94163,104513,140227,124956,129147,118399,125901,105833,103497,110924,100390,121523,161643,155815,138687,133797,121196,111606,184528,309137,325485,287628,244126
LAUST04000005,885479,954531,1017784,1095715,1146639,1193843,1209990,1264954,1366161,1402031,1461443,1510795,1561986,1624382,1694080,1715227,1753764,1836869,1976722,2095749,2145573,2196901,2278864,2355357,2404916,2453453,2512714,2573137,2650277,2724859,2836638,2898136,2912916,2818389,2774768,2746634,2778583
LAUST04000006,981758,1042068,1083367,1155061,1229119,1272557,1344225,1392418,1437830,1496790,1569167,1614857,1667612,1714495,1788243,1819740,1893991,1961825,2105869,2214148,2271474,2302734,2382361,2466281,2505306,2574976,2674357,2728952,2788964,2858656,2957834,3009742,3097444,3127526,3100253,3034262,3022709
LASST05000003,,,,,,,,,,,,,,,,,,,,,,,,,,,,,,,,,,,,,7.2
LASST05000004,,,,,,,,,,,,,,,,,,,,,,,,,,,,,,,,,,,,,98253
LASST05000005,,,,,,,,,,,,,,,,,,,,,,,,,,,,,,,,,,,,,1273779
LASST05000006,,,,,,,,,,,,,,,,,,,,,,,,,,,,,,,,,,,,,1372032
LAUST05000003,6.9,6.4,6.1,6,7.5,8.5,9.5,9.7,8.3,8.5,8.5,8.1,7.7,7,6.8,7.2,7.1,6.1,5.3,4.8,5.1,5.1,5,4.4,4.2,4.7,5.3,5.8,5.6,5.1,5.3,5.3,5.4,7.5,7.9,8,6.6
LAUST05000004,61208,59214,58213,59032,74471,86949,96763,100352,86579,90059,90470,88739,85020,78936,76143,81153,82355,72178,64798,59015,63863,63261,62368,55723,52904,58656,67890,73900,72721,68617,71629,72414,73593,102246,107712,109987,90621
LAUST05000005,831452,869276,889922,917926,919354,933439,926190,929253,955218,967713,972911,1000868,1022717,1046117,1049819,1045941,1073382,1106257,1148393,1170593,1179020,1177143,1179338,1198016,1207352,1194024,1204467,1195942,1221553,1270930,1286887,1290188,1296309,1254945,1248913,1259866,1274031
LAUST05000006,892660,928490,948135,976958,993825,1020388,1022953,1029605,1041797,1057772,1063381,1089607,1107737,1125053,1125962,1127094,1155737,1178435,1213191,1229608,1242883,1240404,1241706,1253739,1260256,1252680,1272357,1269842,1294274,1339547,1358516,1362602,1369902,1357191,1356625,1369853,1364652
LASST06000003,,,,,,,,,,,,,,,,,,,,,,,,,,,,,,,,,,,,,10.1
LASST06000004,,,,,,,,,,,,,,,,,,,,,,,,,,,,,,,,,,,,,1848027
LASST06000005,,,,,,,,,,,,,,,,,,,,,,,,,,,,,,,,,,,,,16511790
LASST06000006,,,,,,,,,,,,,,,,,,,,,,,,,,,,,,,,,,,,,18359817
LAUST06000003,9.2,8.3,7.2,6.3,6.9,7.4,10,9.8,7.8,7.2,6.8,5.8,5.3,5.1,5.8,7.8,9.4,9.5,8.6,7.9,7.3,6.4,6,5.3,4.9,5.4,6.7,6.8,6.2,5.4,4.9,5.4,7.2,11.3,12.4,11.7,9.8
LAUST06000004,908352,865401,781165,705446,796359,879959,1219238,1208775,983072,933893,900319,800673,746606,746809,874416,1173707,1435600,1456231,1317186,1201221,1132389,1011745,963219,863680,833237,932073,1162780,1190604,1089657,952559,865423,960296,1313054,2063862,2264898,2158328,1801658
LAUST06000005,8979772,9517965,10132757,10573478,10791435,10947720,10931095,11083699,11643444,12030497,12434209,12943371,13388315,13770558,14294115,13931679,13874246,13808306,13953855,14062361,14303507,14780791,15203693,15566900,16024341,16220033,16180799,16200064,16354779,16592204,16821266,16960730,16890021,16144481,16051513,16226558,16641272
LAUST06000006,9888124,10383366,10913922,11278924,11587794,11827679,12150333,12292474,12626516,12964390,13334528,13744044,14134921,14517367,15168531,15105386,15309846,15264537,15271041,15263582,15435896,15792536,16166912,16430580,16857578,17152106,17343579,17390668,17444436,17544763,17686689,17921026,18203075,18208343,18316411,18384886,18442930
LASST08000003,,,,,,,,,,,,,,,,,,,,,,,,,,,,,,,,,,,,,7.9
LASST08000004,,,,,,,,,,,,,,,,,,,,,,,,,,,,,,,,,,,,,214125
LASST08000005,,,,,,,,,,,,,,,,,,,,,,,,,,,,,,,,,,,,,2511678
LASST08000006,,,,,,,,,,,,,,,,,,,,,,,,,,,,,,,,,,,,,2725803
LAUST08000003,6,6.5,5.4,4.6,5.9,5.5,7.8,7.3,5.4,6,7.5,7.5,6.4,5.6,5.1,5.4,6,5.3,4.3,4,4.2,3.4,3.5,3,2.7,3.8,5.7,6.1,5.6,5.1,4.3,3.8,4.8,8.1,8.9,8.3,7.5
LAUST08000004,74736,84707,73497,66115,88130,85299,125183,122011,91283,103205,129634,127796,109373,96648,90725,98130,111636,102229,87271,85465,91964,75504,81611,71270,64798,91770,138625,152808,142469,132609,113728,101636,131074,222329,243755,225730,206058
LAUST08000005,1171613,1219529,1285477,1369768,1413339,1461092,1485571,1544124,1614511,1610800,1592585,1585706,1600162,1623887,1678229,1704522,1744235,1831489,1953111,2041652,2083740,2154294,2226296,2269668,2300192,2303494,2304109,2339532,2392952,2455773,2541828,2583404,2601059,2514236,2481447,2497297,2540729
LAUST08000006,1246349,1304236,1358974,1435883,1501469,1546391,1610754,1666135,1705794,1714005,1722219,1713502,1709535,1720535,1768954,1802652,1855871,1933718,2040382,2127117,2175704,2229798,2307907,2340938,2364990,2395264,2442734,2492340,2535421,2588382,2655556,2685040,2732133,2736565,2725202,2723027,2746787
LASST09000003,,,,,,,,,,,,,,,,,,,,,,,,,,,,,,,,,,,,,9.0
LASST09000004,,,,,,,,,,,,,,,,,,,,,,,,,,,,,,,,,,,,,171083
LASST09000005,,,,,,,,,,,,,,,,,,,,,,,,,,,,,,,,,,,,,1723276
LASST09000006,,,,,,,,,,,,,,,,,,,,,,,,,,,,,,,,,,,,,1894359
LAUST09000003,9.1,7.1,5.3,5.2,5.9,6,6.9,5.9,4.5,4.6,3.8,3.2,2.9,3.6,4.9,6.5,7.3,6.4,5.5,5.3,5.3,4.8,3.3,2.7,2.3,3.1,4.4,5.5,4.9,4.9,4.4,4.6,5.6,8.2,9.3,8.8,8.6
LAUST09000004,132753,104951,79357,80651,92961,96822,112052,97161,75916,78140,64887,55755,49998,63991,89543,119491,133206,114378,96959,92328,93130,84917,56809,46210,39161,54793,78045,98143,88219,88389,80824,84820,105131,155521,178138,168649,163614
LAUST09000005,1322564,1378513,1431461,1471059,1482804,1505380,1517552,1542196,1594174,1624864,1657341,1682725,1694391,1707128,1725381,1708655,1693563,1682262,1670083,1657732,1659643,1674937,1684831,1696007,1697670,1700046,1700949,1696857,1703865,1718608,1745993,1760875,1766773,1740431,1738458,1749478,1733500
LAUST09000006,1455317,1483464,1510818,1551710,1575765,1602202,1629604,1639357,1670090,1703004,1722228,1738480,1744389,1771119,1814924,1828146,1826769,1796640,1767042,1750060,1752773,1759854,1741640,1742217,1736831,1754839,1778994,1795000,1792084,1806997,1826817,1845695,1871904,1895952,1916596,1918127,1897114
LASST10000003,,,,,,,,,,,,,,,,,,,,,,,,,,,,,,,,,,,,,6.8
LASST10000004,,,,,,,,,,,,,,,,,,,,,,,,,,,,,,,,,,,,,29792
LASST10000005,,,,,,,,,,,,,,,,,,,,,,,,,,,,,,,,,,,,,409710
LASST10000006,,,,,,,,,,,,,,,,,,,,,,,,,,,,,,,,,,,,,439502
LAUST10000003,8.1,7.9,7.3,7.1,7.4,7.8,8,7.7,6.2,5.1,3.9,3.1,2.9,3.1,4.2,5.7,5.4,5,4.6,4.4,4.3,3.9,3.5,3.3,3.3,3.5,4,4.2,3.9,4,3.5,3.5,4.8,7.9,8,7.3,6.6
LAUST10000004,21429,21265,20048,20001,20966,22543,23361,22838,19110,16058,12641,10355,10115,11126,15060,20796,19785,18562,17299,16834,16529,15376,13959,13331,13726,14579,16584,17557,16647,17193,15507,15576,21571,34532,35116,32229,29037
LAUST10000005,242325,247210,254714,260448,262692,266415,269500,275291,288708,298472,310618,323974,336396,346958,347038,342525,347194,353156,360866,366200,371975,378117,383360,387808,402777,404135,401301,403504,408266,417196,424618,427265,424228,404911,401706,406952,411560
LAUST10000006,263754,268475,274762,280449,283658,288958,292861,298129,307818,314530,323259,334329,346511,358084,362098,363321,366979,371718,378165,383034,388504,393493,397319,401139,416503,418714,417885,421061,424913,434389,440125,442841,445799,439443,436822,439181,440597
LASST11000003,,,,,,,,,,,,,,,,,,,,,,,,,,,,,,,,,,,,,8.5
LASST11000004,,,,,,,,,,,,,,,,,,,,,,,,,,,,,,,,,,,,,30770
LASST11000005,,,,,,,,,,,,,,,,,,,,,,,,,,,,,,,,,,,,,329615
LASST11000006,,,,,,,,,,,,,,,,,,,,,,,,,,,,,,,,,,,,,360385
LAUST11000003,9.2,8.5,7.3,6.7,7.3,9,10.6,11,8.9,8,7.3,6.2,5.1,5.1,6,7.7,8.6,8.5,8,8.6,8.5,8.3,8,6.5,5.7,6.3,6.7,7,7.5,6.5,5.7,5.5,6.6,9.7,10.1,10.2,8.3
LAUST11000004,30983,27943,24295,22111,23372,27677,32825,34418,28451,25857,23535,20294,16737,16001,19862,24756,27223,26568,24892,25727,24764,23759,23578,20069,17505,19168,20596,21546,23390,20692,18408,17794,21906,32429,34690,35273,30142
LAUST11000005,305009,300834,308192,306764,298658,280782,275661,278799,292132,296068,298684,308848,313242,300298,311838,297828,290103,287731,285207,273764,265734,262789,270242,288016,291916,286649,284615,285361,288397,298611,303791,307920,312117,301506,308689,309060,331639
LAUST11000006,335992,328777,332487,328875,322030,308459,308486,313217,320583,321925,322219,329142,329979,316299,331700,322584,317326,314299,310099,299491,290498,286548,293820,308085,309421,305817,305211,306907,311787,319303,322199,325714,334023,333935,343379,344333,361781
LASST12000003,,,,,,,,,,,,,,,,,,,,,,,,,,,,,,,,,,,,,8.5
LASST12000004,,,,,,,,,,,,,,,,,,,,,,,,,,,,,,,,,,,,,790011
LASST12000005,,,,,,,,,,,,,,,,,,,,,,,,,,,,,,,,,,,,,8551739
LASST12000006,,,,,,,,,,,,,,,,,,,,,,,,,,,,,,,,,,,,,9341750
LAUST12000003,9.3,8.3,6.8,6.1,6.1,6.8,8.4,8.5,6.6,6.2,5.9,5.4,5.3,5.7,6.3,7.6,8.4,7.2,6.5,5.7,5.3,5,4.5,4,3.8,4.7,5.7,5.3,4.7,3.8,3.3,4,6.3,10.4,11.3,10.5,8.2
LAUST12000004,334104,312002,271322,251037,262278,308872,395665,419390,340215,327279,327594,317543,319339,355811,404585,496420,559175,490222,454836,400020,382145,368202,340286,309329,300284,373344,462419,433253,390627,329751,296256,366749,577462,939307,1030146,970362,767515
LAUST12000005,3277608,3437032,3710801,3898262,4026492,4211397,4328901,4489884,4811147,4989320,5233969,5515189,5726662,5870515,6060994,6055255,6133417,6298142,6501689,6650064,6822517,7040660,7232345,7401659,7569406,7624718,7662511,7785547,7998202,8305281,8584095,8839027,8646889,8126928,8102324,8278141,8622231
LAUST12000006,3611712,3749034,3982123,4149299,4288770,4520269,4724566,4909274,5151362,5316599,5561563,5832732,6046001,6226326,6465579,6551675,6692592,6788364,6956525,7050084,7204662,7408862,7572631,7710988,7869690,7998062,8124930,8218800,8388829,8635032,8880351,9205776,9224351,9066235,9132470,9248503,9389746
LASST13000003,,,,,,,,,,,,,,,,,,,,,,,,,,,,,,,,,,,,,8.7
LASST13000004,,,,,,,,,,,,,,,,,,,,,,,,,,,,,,,,,,,,,418684
LASST13000005,,,,,,,,,,,,,,,,,,,,,,,,,,,,,,,,,,,,,4374856
LASST13000006,,,,,,,,,,,,,,,,,,,,,,,,,,,,,,,,,,,,,4793540
LAUST13000003,8.1,6.9,5.7,5.2,6.2,6.5,7.7,7.5,6.1,6.3,5.9,5.5,5.5,5.3,5.2,5,6.7,5.9,5.1,4.8,4.6,4.5,4.2,3.8,3.5,4,4.8,4.8,4.7,5.2,4.7,4.6,6.3,9.8,10.2,9.8,8.5
LAUST13000004,183597,161747,138005,127844,157761,168735,202173,201789,168420,180326,174595,170045,174565,171414,170747,166069,227635,206798,182076,176822,174689,175102,167599,154994,147527,170288,210021,208395,211130,241082,222164,223425,305105,466856,481055,462929,409468
LAUST13000005,2086181,2167625,2272542,2343886,2371651,2411584,2426141,2476325,2612874,2699326,2799257,2901131,2992923,3069568,3129389,3132596,3182777,3278794,3412606,3522905,3638219,3751699,3861646,3951684,4095362,4112868,4135381,4173787,4249007,4375178,4500150,4587739,4548366,4278522,4213875,4262175,4392648
LAUST13000006,2269778,2329372,2410547,2471730,2529412,2580319,2628314,2678114,2781294,2879652,2973852,3071176,3167488,3240982,3300136,3298665,3410412,3485592,3594682,3699727,3812908,3926801,4029245,4106678,4242889,4283156,4345402,4382182,4460137,4616260,4722314,4811164,4853471,4745378,4694930,4725104,4802116
LASST15000003,,,,,,,,,,,,,,,,,,,,,,,,,,,,,,,,,,,,,5.5
LASST15000004,,,,,,,,,,,,,,,,,,,,,,,,,,,,,,,,,,,,,35538
LASST15000005,,,,,,,,,,,,,,,,,,,,,,,,,,,,,,,,,,,,,606974
LASST15000006,,,,,,,,,,,,,,,,,,,,,,,,,,,,,,,,,,,,,642512
LAUST15000003,9.3,7.7,6.7,5.7,4.8,5.1,5.9,5.9,5.4,5,4.5,3.6,3,2.4,2.4,2.8,4.2,4.4,5.1,5.5,5.9,5.8,5.7,5,4,4.2,4,3.9,3.2,2.8,2.5,2.7,4.1,6.9,6.9,6.7,5.5
LAUST15000004,37986,32396,28249,24360,21248,23210,27272,27888,25723,24414,22339,18547,15685,12534,13408,15693,24446,25414,30069,32437,35070,34898,34150,30346,24160,26039,24583,23855,19974,17249,15684,17119,26393,44073,44636,44241,35044
LAUST15000005,372262,386127,394315,406448,419753,428519,432473,444018,451382,459416,473494,492721,503770,515233,537620,547351,551563,556331,555749,557042,561683,566766,570152,576314,584858,589216,584354,592469,598175,609835,617807,620107,617642,593860,604522,616453,605659
LAUST15000006,410248,418523,422564,430808,441001,451729,459745,471906,477105,483830,495833,511268,519455,527767,551028,563044,576009,581745,585818,589479,596753,601664,604302,606660,609018,615255,608937,616324,618149,627084,633491,637226,644035,637933,649158,660694,640703
LASST16000003,,,,,,,,,,,,,,,,,,,,,,,,,,,,,,,,,,,,,7.0
LASST16000004,,,,,,,,,,,,,,,,,,,,,,,,,,,,,,,,,,,,,54159
LASST16000005,,,,,,,,,,,,,,,,,,,,,,,,,,,,,,,,,,,,,720772
LASST16000006,,,,,,,,,,,,,,,,,,,,,,,,,,,,,,,,,,,,,774931
LAUST16000003,5.4,5.6,5.5,5.8,7.1,7.6,9,8.8,7.4,7.8,8.1,7.5,6.1,5.3,5.5,5.9,6.4,6.1,5.4,5.2,5.3,5.1,5.1,4.9,4.6,4.9,5.4,5.2,4.6,3.7,3,3,4.7,7.4,8.8,8.7,6.4
LAUST16000004,20260,22030,22876,24850,30085,32538,39505,39707,34308,36500,38046,35524,28921,25818,27019,30123,33799,33456,31775,31426,32697,31835,33125,31922,30507,33039,37042,36130,32043,26762,22028,22265,35880,55827,66983,67077,49907
LAUST16000005,351792,373742,391245,402863,396282,398252,398844,410985,428790,428935,432278,435599,448856,461608,467102,476531,493767,516307,552354,567558,581191,598004,614748,620962,632451,644816,646142,652161,666080,695428,718077,727728,721876,696382,696515,703562,727109
LAUST16000006,372052,395772,414121,427713,426367,430790,438349,450692,463098,465435,470324,471123,477777,487426,494121,506654,527566,549763,584129,598984,613888,629839,647873,652884,662958,677855,683184,688291,698123,722190,740105,749993,757756,752209,763498,770639,777016
LASST17000003,,,,,,,,,,,,,,,,,,,,,,,,,,,,,,,,,,,,,8.8
LASST17000004,,,,,,,,,,,,,,,,,,,,,,,,,,,,,,,,,,,,,581331
LASST17000005,,,,,,,,,,,,,,,,,,,,,,,,,,,,,,,,,,,,,6045702
LASST17000006,,,,,,,,,,,,,,,,,,,,,,,,,,,,,,,,,,,,,6627033
LAUST17000003,6.6,6.2,6,5.5,8.2,8.6,11.3,11.7,9.1,9.1,8.3,7.4,6.8,6.1,6.3,7.3,7.8,7.4,5.8,5.2,5.3,4.8,4.5,4.5,4.5,5.4,6.5,6.7,6.2,5.8,4.6,5.1,6.4,10,10.5,9.8,8.4
LAUST17000004,336787,326703,326800,303695,452225,478709,633017,653218,510103,513991,470110,427627,396588,364988,371071,429855,471427,448531,354614,321097,331750,302478,283615,286336,290855,350975,417693,426443,396893,370877,301473,338209,424629,661259,691911,640350,558567
LAUST17000005,4802933,4949882,5099452,5171268,5082271,5114649,4964767,4938769,5108266,5148973,5223212,5337602,5461544,5644792,5560548,5493554,5546722,5625103,5766671,5857677,5907278,5988296,6047050,6143130,6176837,6113536,5969393,5916830,5968561,6033421,6225095,6322029,6242636,5927434,5910743,5925154,6116820
LAUST17000006,5139720,5276585,5426252,5474963,5534496,5593358,5597784,5591987,5618369,5662964,5693322,5765229,5858132,6009780,5931619,5923409,6018149,6073634,6121285,6178774,6239028,6290774,6330665,6429466,6467692,6464511,6387086,6343273,6365454,6404298,6526568,6660238,6667265,6588693,6602654,6565504,6675387
LASST18000003,,,,,,,,,,,,,,,,,,,,,,,,,,,,,,,,,,,,,8.0
LASST18000004,,,,,,,,,,,,,,,,,,,,,,,,,,,,,,,,,,,,,251852
LASST18000005,,,,,,,,,,,,,,,,,,,,,,,,,,,,,,,,,,,,,2898136
LASST18000006,,,,,,,,,,,,,,,,,,,,,,,,,,,,,,,,,,,,,3149988
LAUST18000003,6.1,5.8,5.6,6.4,9.6,9.7,11.9,11.1,8.4,7.7,6.8,6.1,5.1,4.7,5,5.6,6.1,5,4.5,4.3,3.9,3.3,2.9,2.9,2.9,4.2,5.2,5.3,5.3,5.4,5,4.6,5.8,10.4,10.1,9,7.4
LAUST18000004,147920,143516,143838,169797,252875,253117,309207,285545,220949,206233,183774,166538,144079,134194,141693,158291,174369,147592,138099,134846,120240,103436,91065,89659,91660,131150,163253,168131,167500,172052,161426,148831,189781,332851,320240,287176,234740
LAUST18000005,2284619,2351509,2447771,2475512,2373809,2365780,2288118,2297209,2408856,2473721,2535002,2583196,2655524,2719282,2688858,2657957,2703403,2800739,2911781,2977440,2982750,3014499,3033444,3046922,3052719,3020985,3002515,2997847,2997800,3032108,3080047,3081532,3057489,2874194,2856417,2901084,2938539
LAUST18000006,2432539,2495025,2591609,2645309,2626684,2618897,2597325,2582754,2629805,2679954,2718776,2749734,2799603,2853476,2830551,2816248,2877772,2948331,3049880,3112286,3102990,3117935,3124509,3136581,3144379,3152135,3165768,3165978,3165300,3204160,3241473,3230363,3247270,3207045,3176657,3188260,3173279
LASST19000003,,,,,,,,,,,,,,,,,,,,,,,,,,,,,,,,,,,,,5.1
LASST19000004,,,,,,,,,,,,,,,,,,,,,,,,,,,,,,,,,,,,,83836
LASST19000005,,,,,,,,,,,,,,,,,,,,,,,,,,,,,,,,,,,,,1555836
LASST19000006,,,,,,,,,,,,,,,,,,,,,,,,,,,,,,,,,,,,,1639672
LAUST19000003,4.1,3.9,3.9,4.4,5.7,7,8.1,8.3,7.3,7.9,6.8,5.8,4.7,4.3,4.5,4.6,4.5,4.2,3.8,3.6,3.6,3.2,2.9,2.6,2.8,3.3,3.9,4.4,4.6,4.3,3.7,3.8,4,6.2,6.3,5.9,4.6
LAUST19000004,54498,54557,55249,62553,80989,99265,115129,118401,102987,113592,98360,83885,69950,64806,65556,67650,67732,64855,58871,57315,58070,50666,46386,41786,44839,53374,64272,70900,74747,69972,61786,62786,67315,104015,104823,97969,75875
LAUST19000005,1284185,1327851,1359510,1365873,1350142,1326714,1299681,1301402,1313734,1315518,1345904,1374350,1417443,1433321,1393302,1408730,1441414,1480417,1510253,1527972,1551200,1555837,1556479,1560848,1557081,1568638,1567836,1537341,1534991,1557545,1595136,1603626,1607027,1570278,1565018,1565623,1578749
LAUST19000006,1338683,1382408,1414759,1428426,1431131,1425979,1414810,1419803,1416721,1429110,1444264,1458235,1487393,1498127,1458858,1476380,1509146,1545272,1569124,1585287,1609270,1606503,1602865,1602634,1601920,1622012,1632108,1608241,1609738,1627517,1656922,1666412,1674342,1674293,1669841,1663592,1654624
LASST20000003,,,,,,,,,,,,,,,,,,,,,,,,,,,,,,,,,,,,,5.7
LASST20000004,,,,,,,,,,,,,,,,,,,,,,,,,,,,,,,,,,,,,84572
LASST20000005,,,,,,,,,,,,,,,,,,,,,,,,,,,,,,,,,,,,,1400956
LASST20000006,,,,,,,,,,,,,,,,,,,,,,,,,,,,,,,,,,,,,1485528
LAUST20000003,4.2,4,3.1,3.1,4.5,4.3,6.5,6,5,5.2,5.4,4.9,4.6,4.2,4.3,4.5,4.6,5.1,4.9,4.4,4.4,3.9,3.8,3.5,3.8,4.3,5.1,5.6,5.5,5.1,4.4,4.1,4.4,7.2,7.2,6.7,5.2
LAUST20000004,45265,43930,35552,36416,53757,50762,76715,71345,59698,63127,66980,61917,58067,53944,55250,58118,60469,67228,65345,59648,60105,53689,52795,49648,53116,60388,73094,80598,80934,74806,64464,60585,65408,108288,107675,100704,77588
LAUST20000005,1030125,1066860,1103688,1130384,1136602,1142125,1102454,1114583,1138700,1160675,1176462,1197875,1215080,1227940,1215102,1225007,1244438,1257847,1279098,1296202,1311843,1329797,1348793,1359908,1351988,1347715,1350960,1364787,1381343,1390292,1403938,1411384,1415467,1399356,1397208,1404339,1410762
LAUST20000006,1075390,1110790,1139240,1166800,1190359,1192887,1179169,1185928,1198398,1223802,1243442,1259792,1273147,1281884,1270352,1283125,1304907,1325075,1344443,1355850,1371948,1383486,1401588,1409556,1405104,1408103,1424054,1445385,1462277,1465098,1468402,1471969,1480875,1507644,1504883,1505043,1488350
LASST21000003,,,,,,,,,,,,,,,,,,,,,,,,,,,,,,,,,,,,,8.4
LASST21000004,,,,,,,,,,,,,,,,,,,,,,,,,,,,,,,,,,,,,174849
LASST21000005,,,,,,,,,,,,,,,,,,,,,,,,,,,,,,,,,,,,,1909170
LASST21000006,,,,,,,,,,,,,,,,,,,,,,,,,,,,,,,,,,,,,2084019
LAUST21000003,5.5,4.9,5.3,5.7,8.1,8.7,10.8,11.3,9.1,9.1,9.2,8.3,7.6,6.5,6.1,7.4,7,6.4,5.5,5.6,5.5,5.4,4.6,4.6,4.2,5.2,5.7,6.3,5.6,6,5.9,5.6,6.6,10.3,10.2,9.5,7.8
LAUST21000004,82546,75388,82755,91732,133863,144124,182073,192372,155081,155274,158317,142456,131472,112385,106730,130993,123891,114900,99842,103785,103008,102806,87517,90114,82665,102086,111975,123692,109149,120765,119665,115018,134440,211846,210776,196981,161977
LAUST21000005,1415732,1459285,1492258,1513765,1524710,1517346,1504720,1514224,1544894,1549162,1559365,1572029,1593312,1623638,1640875,1639343,1658511,1689100,1729483,1757111,1777259,1809785,1832775,1854270,1866348,1852056,1838495,1848059,1854703,1875512,1904467,1923728,1903511,1844151,1849404,1870546,1925477
LAUST21000006,1498278,1534673,1575013,1605497,1658573,1661470,1686793,1706596,1699975,1704436,1717682,1714485,1724784,1736023,1747605,1770336,1782402,1804000,1829325,1860896,1880267,1912591,1920292,1944384,1949013,1954142,1950470,1971751,1963852,1996277,2024132,2038746,2037951,2055997,2060180,2067527,2087454
LASST22000003,,,,,,,,,,,,,,,,,,,,,,,,,,,,,,,,,,,,,6.6
LASST22000004,,,,,,,,,,,,,,,,,,,,,,,,,,,,,,,,,,,,,137785
LASST22000005,,,,,,,,,,,,,,,,,,,,,,,,,,,,,,,,,,,,,1940995
LASST22000006,,,,,,,,,,,,,,,,,,,,,,,,,,,,,,,,,,,,,2078780
LAUST22000003,6.5,6.8,6.8,6.5,6.9,8.4,10.2,11.7,9.9,11.5,12.5,11.8,10.5,7.6,5.9,6.9,7.9,7.4,7.5,6.7,6.3,5.7,5.3,4.7,5,5.4,5.9,6.2,5.5,6.7,3.9,3.8,4.4,6.6,7.5,7.3,6.3
LAUST22000004,99827,109024,112864,111119,122641,156458,191098,223825,191519,228163,245349,229898,202456,144553,110082,132226,152539,139704,145780,130599,125240,114690,108358,95430,100630,108777,118214,125445,112495,139473,77823,76311,90875,136416,154724,151332,131530
LAUST22000005,1425882,1488492,1558080,1609541,1655477,1695478,1680499,1686148,1747918,1761420,1721034,1718394,1725937,1745552,1767306,1789796,1787541,1738570,1785654,1820359,1855474,1890102,1918907,1926732,1930662,1922110,1892636,1898829,1928464,1935850,1900240,1934340,1964805,1914974,1915344,1909303,1972435
LAUST22000006,1525709,1597516,1670944,1720660,1778118,1851936,1871597,1909973,1939437,1989583,1966383,1948292,1928393,1890105,1877388,1922022,1940080,1878274,1931434,1950958,1980714,2004792,2027265,2022162,2031292,2030887,2010850,2024274,2040959,2075323,1978063,2010651,2055680,2051390,2070068,2060635,2103965
LASST23000003,,,,,,,,,,,,,,,,,,,,,,,,,,,,,,,,,,,,,7.4
LASST23000004,,,,,,,,,,,,,,,,,,,,,,,,,,,,,,,,,,,,,52705
LASST23000005,,,,,,,,,,,,,,,,,,,,,,,,,,,,,,,,,,,,,655416
LASST23000006,,,,,,,,,,,,,,,,,,,,,,,,,,,,,,,,,,,,,708121
LAUST23000003,8.5,8.3,6.4,6.6,7.4,7.1,8.3,8,6,5.5,5.2,4.3,3.7,4,5.3,7.6,7.1,6.6,6.4,5.8,5.2,5.1,4.5,3.9,3.3,3.7,4.4,5,4.6,4.9,4.7,4.7,5.4,8.1,8.2,7.5,6.7
LAUST23000004,40521,39886,31036,32908,37674,36528,43093,42460,32968,30758,29420,25140,21677,24357,33245,48266,45540,41604,40598,37130,34190,33743,29495,26322,22055,25282,29626,34231,31687,33820,32671,33013,37938,56924,57324,53040,47521
LAUST23000005,435744,441823,456381,467466,468554,476094,477465,490350,516300,523928,535662,557257,571534,584292,597902,590604,594082,589800,589073,601565,617479,624410,627920,641351,650385,650699,650943,650458,653847,658507,665856,666350,665463,642593,643244,651038,666993
LAUST23000006,476265,481709,487417,500374,506228,512622,520558,532810,549268,554686,565082,582397,593211,608649,631147,638870,639622,631404,629671,638695,651669,658153,657415,667673,672440,675981,680569,684689,685534,692327,698527,699363,703401,699517,700568,704078,714514
LASST24000003,,,,,,,,,,,,,,,,,,,,,,,,,,,,,,,,,,,,,6.7
LASST24000004,,,,,,,,,,,,,,,,,,,,,,,,,,,,,,,,,,,,,208578
LASST24000005,,,,,,,,,,,,,,,,,,,,,,,,,,,,,,,,,,,,,2886061
LASST24000006,,,,,,,,,,,,,,,,,,,,,,,,,,,,,,,,,,,,,3094639
LAUST24000003,6.6,6.1,5.7,5.8,6.6,7.2,8.2,7.3,5.1,4.7,4.6,4.3,4.1,3.7,4.6,6.2,6.6,6,5.2,5.1,4.9,4.8,4.3,3.6,3.6,4.1,4.5,4.5,4.3,4.1,3.8,3.4,4.3,7.4,7.8,7,6.3
LAUST24000004,126199,121293,116775,122539,142084,155078,179770,161239,114491,106335,107306,103254,100903,93983,117578,163504,174749,159280,138753,137191,136154,132002,118817,100027,100275,114779,128318,128702,123657,121723,114531,102980,129126,224146,239441,216511,197815
LAUST24000005,1790626,1852628,1935453,1986059,1999598,2007801,2001682,2038581,2121945,2164022,2238594,2303303,2359898,2423440,2465249,2466378,2484910,2501515,2545413,2572708,2615584,2646200,2661192,2687843,2711382,2712268,2733103,2741325,2761583,2825040,2892733,2885456,2896248,2805817,2817830,2855735,2920571
LAUST24000006,1916825,1973921,2052228,2108598,2141682,2162879,2181452,2199820,2236436,2270357,2345900,2406557,2460801,2517423,2582827,2629882,2659659,2660795,2684166,2709899,2751738,2778202,2780009,2787870,2811657,2827047,2861421,2870027,2885240,2946763,3007264,2988436,3025374,3029963,3057271,3072246,3118386
LASST25000003,,,,,,,,,,,,,,,,,,,,,,,,,,,,,,,,,,,,,6.6
LASST25000004,,,,,,,,,,,,,,,,,,,,,,,,,,,,,,,,,,,,,230197
LASST25000005,,,,,,,,,,,,,,,,,,,,,,,,,,,,,,,,,,,,,3243670
LASST25000006,,,,,,,,,,,,,,,,,,,,,,,,,,,,,,,,,,,,,3473867
LAUST25000003,9.8,7.9,6.2,5.5,5.7,6.4,8,7,4.8,4.1,4,3.4,3.3,4.2,6.3,8.8,8.8,7.3,6.2,5.5,4.6,4.1,3.4,3.3,2.7,3.7,5.3,5.8,5.2,4.8,4.8,4.5,5.3,8.2,8.3,7.4,6.2
LAUST25000004,267633,218418,173402,156341,164064,189276,236372,208954,145657,124753,122686,104458,104345,132422,203975,282590,281022,232339,198690,175528,147721,134564,112674,109563,92292,125993,181003,197648,176839,163579,162495,154422,185229,283543,288590,254191,216105
LAUST25000005,2458306,2541441,2635115,2706845,2721430,2749062,2729293,2763148,2886782,2924626,2957321,3009900,3051355,3057019,3022393,2916293,2899718,2940565,2989123,3029360,3083332,3158851,3208988,3245761,3273281,3275343,3243409,3209062,3203810,3219717,3255504,3276532,3277179,3184631,3180680,3202251,3263809
LAUST25000006,2725939,2759859,2808517,2863186,2885494,2938338,2965665,2972102,3032439,3049379,3080007,3114358,3155700,3189441,3226368,3198883,3180740,3172904,3187813,3204888,3231053,3293415,3321662,3355324,3365573,3401336,3424412,3406710,3380649,3383296,3417999,3430954,3462408,3468174,3469270,3456442,3479914
LASST26000003,,,,,,,,,,,,,,,,,,,,,,,,,,,,,,,,,,,,,9.1
LASST26000004,,,,,,,,,,,,,,,,,,,,,,,,,,,,,,,,,,,,,427328
LASST26000005,,,,,,,,,,,,,,,,,,,,,,,,,,,,,,,,,,,,,4247150
LASST26000006,,,,,,,,,,,,,,,,,,,,,,,,,,,,,,,,,,,,,4674478
LAUST26000003,9.4,8.2,7.1,7.9,12.1,12.5,15.6,14.6,11.4,10.1,8.9,8.3,7.6,7.2,7.7,9.3,9.2,7.4,6.2,5.3,4.9,4.3,4,3.8,3.7,5.2,6.2,7.1,7.1,6.8,6.9,7.1,8.3,13.4,12.7,10.3,8.3
LAUST26000004,375504,337780,298640,341586,523792,537623,662401,621937,490322,438653,390415,374772,346245,332314,357579,426807,426913,347053,295563,258418,241076,214386,198450,192277,190495,267531,314740,357741,355651,346018,348965,356401,409456,651321,600566,479987,387572
LAUST26000005,3602604,3768991,3934954,3993383,3801322,3757950,3595428,3635797,3824950,3924471,4020118,4129900,4213423,4292254,4262409,4162074,4234783,4364545,4508900,4576521,4647116,4748691,4809503,4897144,4953421,4876338,4724998,4675567,4686953,4717188,4722716,4678094,4549681,4200139,4146562,4178121,4298003
LAUST26000006,3978108,4106771,4233594,4334969,4325114,4295573,4257829,4257734,4315272,4363124,4410533,4504672,4559668,4624568,4619988,4588881,4661696,4711598,4804463,4834939,4888192,4963077,5007953,5089421,5143916,5143869,5039738,5033308,5042604,5063206,5071681,5034495,4959137,4851460,4747128,4658108,4685575
LASST27000003,,,,,,,,,,,,,,,,,,,,,,,,,,,,,,,,,,,,,5.8
LASST27000004,,,,,,,,,,,,,,,,,,,,,,,,,,,,,,,,,,,,,174009
LASST27000005,,,,,,,,,,,,,,,,,,,,,,,,,,,,,,,,,,,,,2801613
LASST27000006,,,,,,,,,,,,,,,,,,,,,,,,,,,,,,,,,,,,,2975622
LAUST27000003,5.9,5.4,4,4.3,5.9,5.7,8.1,8,6.3,6,5.6,5.1,4.3,4.3,4.8,5.2,5.1,4.9,4.1,3.7,3.9,3.3,2.7,2.8,3.1,3.8,4.5,4.9,4.6,4.2,4.1,4.7,5.4,8,7.3,6.4,5.2
LAUST27000004,109135,102844,78383,87531,124286,122461,175005,173938,138980,134186,125931,117929,100145,103071,114157,126265,126208,124019,104975,97531,104366,88675,75042,76883,87176,110216,130805,140723,133571,120245,118505,135385,157911,236031,217099,190788,155188
LAUST27000005,1748910,1818307,1899341,1955727,1976259,2010296,1991237,2009567,2084327,2106717,2134474,2180884,2227930,2268770,2275853,2300781,2341011,2391055,2471516,2529464,2565808,2605673,2656674,2686942,2720492,2755808,2749525,2750938,2752403,2756709,2774524,2768068,2770446,2710803,2741587,2787131,2824024
LAUST27000006,1858045,1921151,1977724,2043258,2100545,2132757,2166242,2183505,2223307,2240903,2260405,2298813,2328075,2371841,2390010,2427046,2467219,2515074,2576491,2626995,2670174,2694348,2731716,2763825,2807668,2866024,2880330,2891661,2885974,2876954,2893029,2903453,2928357,2946834,2958686,2977919,2979212
LASST28000003,,,,,,,,,,,,,,,,,,,,,,,,,,,,,,,,,,,,,8.9
LASST28000004,,,,,,,,,,,,,,,,,,,,,,,,,,,,,,,,,,,,,119457
LASST28000005,,,,,,,,,,,,,,,,,,,,,,,,,,,,,,,,,,,,,1218261
LASST28000006,,,,,,,,,,,,,,,,,,,,,,,,,,,,,,,,,,,,,1337718
LAUST28000003,6.7,7.5,7,5.7,7.7,8.7,11.5,12.6,10.8,10.8,12.1,10.4,8.7,8,7.7,8.9,8.3,7,6.6,6.5,6.3,6,5.4,5.3,5.7,5.6,6.7,6.4,6.3,7.8,6.8,6.3,6.8,9.4,10.5,10.7,8.3
LAUST28000004,64864,75217,71371,58283,80791,91468,123345,136875,117841,121272,140302,120541,100154,93419,90325,106030,99961,84278,82591,82289,79591,77170,69827,67959,74295,72680,87604,83806,83525,102600,87363,82165,88376,121228,138445,143136,110862
LAUST28000005,904375,923240,942657,963351,970388,963557,949738,947586,974286,1003607,1018979,1034538,1048249,1069429,1085419,1084695,1097672,1126904,1159959,1175278,1187018,1200845,1211535,1223725,1239859,1229884,1214631,1226293,1232139,1219135,1199871,1220039,1214108,1169382,1178771,1200710,1228577
LAUST28000006,969239,998457,1014028,1021634,1051179,1055025,1073083,1084461,1092127,1124879,1159281,1155079,1148403,1162848,1175744,1190725,1197633,1211182,1242550,1257567,1266609,1278015,1281362,1291684,1314154,1302564,1302235,1310099,1315664,1321735,1287234,1302204,1302484,1290610,1317216,1343846,1339439
LASST29000003,,,,,,,,,,,,,,,,,,,,,,,,,,,,,,,,,,,,,6.9
LASST29000004,,,,,,,,,,,,,,,,,,,,,,,,,,,,,,,,,,,,,205983
LASST29000005,,,,,,,,,,,,,,,,,,,,,,,,,,,,,,,,,,,,,2792349
LASST29000006,,,,,,,,,,,,,,,,,,,,,,,,,,,,,,,,,,,,,2998332
LAUST29000003,6.2,5.9,4.8,4.6,7.3,7.5,9.2,9.8,7.1,6.4,6.2,6.2,5.6,5.5,5.8,6.5,6,6.1,4.9,4.7,4.7,4.3,4,3.1,3.3,4.5,5.2,5.6,5.8,5.4,4.8,5,5.9,9.4,9.4,8.6,6.6
LAUST29000004,130971,130270,108916,105556,167497,173882,214771,231982,169462,156195,155759,157812,144111,142469,150586,172901,159668,165955,136375,131989,134546,124029,116002,91337,97756,134861,155947,165616,171902,161747,146548,153836,180804,290077,285541,260505,197820
LAUST29000005,1994782,2070671,2138666,2182198,2142085,2146007,2117158,2132956,2222714,2286401,2348204,2393769,2431933,2470365,2456998,2474167,2502779,2539792,2622286,2690210,2734860,2780185,2794869,2819853,2875336,2867853,2829985,2813571,2815878,2849708,2889461,2894771,2871930,2784226,2767306,2785797,2817196
LAUST29000006,2125753,2200941,2247582,2287754,2309582,2319889,2331929,2364938,2392176,2442596,2503963,2551581,2576044,2612834,2607584,2647068,2662447,2705747,2758661,2822199,2869406,2904214,2910871,2911190,2973092,3002714,2985932,2979187,2987780,3011455,3036009,3048607,3052734,3074303,3052847,3046302,3015016
LASST30000003,,,,,,,,,,,,,,,,,,,,,,,,,,,,,,,,,,,,,6.0
LASST30000004,,,,,,,,,,,,,,,,,,,,,,,,,,,,,,,,,,,,,30398
LASST30000005,,,,,,,,,,,,,,,,,,,,,,,,,,,,,,,,,,,,,480153
LASST30000006,,,,,,,,,,,,,,,,,,,,,,,,,,,,,,,,,,,,,510551
LAUST30000003,5.8,5.8,5.5,5.4,6.3,6.8,8.2,8.5,7.8,7.8,7.6,7.3,6.5,6,6,6.3,6.4,6,5.5,5.4,5.5,5.3,5.6,5.3,4.8,4.5,4.5,4.3,4,3.6,3.2,3.4,4.5,6.1,6.9,6.8,5.4
LAUST30000004,19278,20072,19797,19944,23371,26209,31681,33501,31211,31396,30324,29000,26240,24461,24595,25873,26900,25322,23817,23935,24683,24113,25681,24610,22313,21136,21018,20282,19181,17496,15946,17206,22759,30085,34463,34519,27709
LAUST30000005,313223,323885,342104,351981,350439,356646,353721,359206,370240,369880,370012,370730,375079,379930,383706,383776,390362,397257,410957,417770,422458,427504,435156,440646,446552,447827,445281,450190,456385,463251,476412,485500,486704,465911,465615,469891,482687
LAUST30000006,332501,343957,361901,371925,373810,382855,385402,392707,401451,401276,400336,399730,401319,404391,408301,409649,417262,422579,434774,441705,447141,451617,460837,465256,468865,468963,466299,470472,475566,480747,492358,502706,509463,495996,500078,504410,510396
LASST31000003,,,,,,,,,,,,,,,,,,,,,,,,,,,,,,,,,,,,,3.8
LASST31000004,,,,,,,,,,,,,,,,,,,,,,,,,,,,,,,,,,,,,39229
LASST31000005,,,,,,,,,,,,,,,,,,,,,,,,,,,,,,,,,,,,,982869
LASST31000006,,,,,,,,,,,,,,,,,,,,,,,,,,,,,,,,,,,,,1022098
LAUST31000003,3.2,3.4,3,2.8,3.9,4.1,5.7,5.7,4.4,5.1,4.9,4.4,3.5,2.8,2.3,2.6,2.9,2.8,2.6,2.6,2.8,2.4,2.5,2.8,2.8,3.1,3.7,4,3.9,3.9,3,3,3.3,4.7,4.7,4.4,3.5
LAUST31000004,22996,25413,22455,21196,29778,31331,44546,44959,34797,41314,40205,35631,28413,23420,18904,22034,24013,24045,23273,23748,25389,22322,23462,25919,26564,30037,35611,38681,38210,37725,29426,29066,32638,45994,46434,44625,35871
LAUST31000005,689157,715739,736018,743230,737510,740568,737985,741568,755912,763188,773346,777666,791621,798674,797799,810181,817915,837361,862659,882603,896132,904492,914644,916270,923198,925783,921201,931622,938105,935447,943176,952622,960250,937434,942075,960830,990418
LAUST31000006,712153,741152,758473,764426,767288,771899,782531,786527,790709,804502,813551,813297,820034,822094,816703,832215,841928,861406,885932,906351,921521,926814,938106,942189,949762,955820,956812,970303,976315,973172,972602,981688,992888,983428,988509,1005455,1026289
LASST32000003,,,,,,,,,,,,,,,,,,,,,,,,,,,,,,,,,,,,,11.5
LASST32000004,,,,,,,,,,,,,,,,,,,,,,,,,,,,,,,,,,,,,156646
LASST32000005,,,,,,,,,,,,,,,,,,,,,,,,,,,,,,,,,,,,,1210893
LASST32000006,,,,,,,,,,,,,,,,,,,,,,,,,,,,,,,,,,,,,1367539
LAUST32000003,8.9,6.7,4.8,4.9,6.5,7.5,9.9,9.7,7.7,7.5,6.6,6.1,5.3,4.8,5.1,6.3,6.9,6.8,6.1,5.6,5.2,4.5,4.4,4.3,4.5,5.3,5.7,5.2,4.4,4.5,4.2,4.7,7,11.6,13.7,13.5,10.9
LAUST32000004,29229,23649,17943,19710,27933,34506,47626,47130,38756,38473,35282,33975,30667,29038,33380,43371,50482,51866,49770,47336,46282,42545,43403,43615,47624,58838,64303,60403,52091,54914,54110,61078,94866,159144,190420,187732,149303
LAUST32000005,299294,327543,356302,382058,402030,425379,431762,439583,462590,477421,498804,521433,549759,579858,622516,650324,677076,714032,764451,805286,847274,895258,938662,978969,1015221,1042182,1066477,1093507,1128223,1173425,1222277,1245102,1254483,1207767,1195309,1198140,1222144
LAUST32000006,328523,351192,374245,401768,429963,459885,479388,486713,501346,515894,534086,555408,580426,608896,655896,693695,727558,765898,814221,852622,893556,937803,982065,1022584,1062845,1101020,1130780,1153910,1180314,1228339,1276387,1306180,1349349,1366911,1385729,1385872,1371447
LASST33000003,,,,,,,,,,,,,,,,,,,,,,,,,,,,,,,,,,,,,5.7
LASST33000004,,,,,,,,,,,,,,,,,,,,,,,,,,,,,,,,,,,,,42192
LASST33000005,,,,,,,,,,,,,,,,,,,,,,,,,,,,,,,,,,,,,698158
LASST33000006,,,,,,,,,,,,,,,,,,,,,,,,,,,,,,,,,,,,,740350
LAUST33000003,6.7,5.6,3.8,3.2,4.6,5.2,7,5.6,4.3,3.8,2.5,2.3,2.5,3.5,5.6,7.3,7.6,6.3,4.7,4,3.7,3.1,2.9,2.8,2.7,3.4,4.5,4.5,3.9,3.6,3.5,3.5,3.9,6.2,6.1,5.4,5.2
LAUST33000004,26489,23360,16624,14588,21482,25046,34119,28187,22592,20453,14162,13251,14663,21511,35005,44831,46739,39170,29631,25121,23617,20625,19268,18838,18713,24202,32362,31645,27700,26346,25899,26251,29102,46176,45364,39991,38547
LAUST33000005,370837,395614,420283,439143,444956,453640,455859,471077,502198,524325,547918,569498,582857,587572,585032,569621,568909,580137,594935,605929,617629,635469,651292,666066,675541,680706,679818,679420,687855,696765,708748,713782,714665,696384,693985,698290,701265
LAUST33000006,397326,418974,436907,453731,466438,478686,489978,499264,524790,544778,562080,582749,597520,609083,620037,614452,615648,619307,624566,631050,641246,656094,670560,684904,694254,704908,712180,711065,715555,723111,734647,740033,743767,742560,739349,738281,739812
LASST34000003,,,,,,,,,,,,,,,,,,,,,,,,,,,,,,,,,,,,,9.7
LASST34000004,,,,,,,,,,,,,,,,,,,,,,,,,,,,,,,,,,,,,447294
LASST34000005,,,,,,,,,,,,,,,,,,,,,,,,,,,,,,,,,,,,,4145156
LASST34000006,,,,,,,,,,,,,,,,,,,,,,,,,,,,,,,,,,,,,4592450
LAUST34000003,10.5,9.3,7.3,6.9,7.3,7.5,8.7,8,6.2,5.6,5,4.1,3.8,4.1,5.1,6.8,8.5,7.6,6.8,6.5,6.2,5.3,4.6,4.5,3.7,4.3,5.8,5.9,4.9,4.5,4.6,4.3,5.5,9,9.6,9.3,9.4
LAUST34000004,346342,315923,251462,245714,261034,269792,314691,296169,234154,215102,196985,161257,151645,164716,207536,273748,342449,307323,277526,265506,258258,226418,195304,191841,157473,184797,253544,255499,214685,196713,207168,191689,246829,408079,437436,424354,432605
LAUST34000005,2963559,3067906,3211992,3326100,3329840,3341361,3314529,3392615,3560939,3624435,3706543,3798535,3821831,3835331,3864958,3776632,3709471,3727262,3789960,3846322,3925794,4031022,4047062,4092714,4130310,4117543,4117265,4108397,4144223,4207738,4257899,4264617,4262281,4138364,4116640,4131832,4177845
LAUST34000006,3309901,3383829,3463454,3571814,3590874,3611153,3629220,3688784,3795093,3839537,3903528,3959792,3973476,4000047,4072494,4050380,4051920,4034585,4067486,4111828,4184052,4257440,4242366,4284555,4287783,4302340,4370809,4363896,4358908,4404451,4465067,4456306,4509110,4546443,4554076,4556186,4610450
LASST35000003,,,,,,,,,,,,,,,,,,,,,,,,,,,,,,,,,,,,,6.3
LASST35000004,,,,,,,,,,,,,,,,,,,,,,,,,,,,,,,,,,,,,58274
LASST35000005,,,,,,,,,,,,,,,,,,,,,,,,,,,,,,,,,,,,,867422
LASST35000006,,,,,,,,,,,,,,,,,,,,,,,,,,,,,,,,,,,,,925696
LAUST35000003,8.8,7.6,6.3,6.6,7.6,7.4,9,9.5,8,8.7,9.2,9,7.6,6.7,6.8,7.2,7.5,7.3,6.6,6.8,7.5,6.6,6.2,5.6,5,4.9,5.5,5.9,5.8,5.2,4.1,3.5,4.5,6.8,7.9,7.4,6.0
LAUST35000004,42595,38879,33473,36338,42897,42675,53392,57720,50206,56347,61401,60780,51729,46509,48193,51545,54984,54795,51440,54064,61036,54031,52218,46936,42269,42679,48321,52633,51863,47104,37808,32545,42585,64173,74176,68834,56323
LAUST35000005,442856,470681,497241,514943,520151,535494,539419,550140,578333,593047,605821,613362,630267,645302,663698,667698,680463,700258,725387,744557,751826,768596,783661,793052,810024,821003,823191,835835,849970,866349,886708,903919,903902,872985,860204,858951,876989
LAUST35000006,485451,509560,530714,551281,563048,578169,592811,607860,628539,649394,667222,674142,681996,691811,711891,719243,735447,755053,776827,798621,812862,822627,835879,839988,852293,863682,871512,888468,901833,913453,924516,936464,946487,937158,934380,927785,933312
LASST36000003,,,,,,,,,,,,,,,,,,,,,,,,,,,,,,,,,,,,,8.7
LASST36000004,,,,,,,,,,,,,,,,,,,,,,,,,,,,,,,,,,,,,830601
LASST36000005,,,,,,,,,,,,,,,,,,,,,,,,,,,,,,,,,,,,,8755695
LASST36000006,,,,,,,,,,,,,,,,,,,,,,,,,,,,,,,,,,,,,9586296
LAUST36000003,10.2,9.2,7.8,7.2,7.5,7.6,8.5,8.7,7.1,6.6,6.2,4.9,4.3,5,5.3,7.3,8.6,7.9,6.9,6.4,6.3,6.5,5.7,5.2,4.5,4.9,6.2,6.4,5.8,5,4.6,4.6,5.4,8.3,8.6,8.2,8.3
LAUST36000004,785645,710224,609164,574080,601408,605740,682021,694399,578363,548567,525392,413772,366124,433105,469056,642176,755216,685436,601744,551039,551632,580967,512250,476648,415531,449342,577608,595111,544072,474316,437408,434303,517772,804438,824668,774652,797579
LAUST36000005,6903595,7021092,7236434,7412220,7378679,7402009,7297252,7332020,7548937,7735385,7897337,8071485,8190324,8277276,8339800,8112503,7979726,8013498,8080243,8125798,8228913,8416544,8546550,8657431,8751441,8743924,8721428,8703889,8816013,8947069,9062464,9097751,9113919,8836180,8762263,8729587,8822628
LAUST36000006,7689240,7731316,7845598,7986300,7980087,8007749,7979273,8026419,8127300,8283952,8422729,8485257,8556448,8710381,8808856,8754679,8734942,8698934,8681987,8676837,8780545,8997511,9058800,9134079,9166972,9193266,9299036,9299000,9360085,9421385,9499872,9532054,9631691,9640618,9586931,9504239,9620207
LASST37000003,,,,,,,,,,,,,,,,,,,,,,,,,,,,,,,,,,,,,9.3
LASST37000004,,,,,,,,,,,,,,,,,,,,,,,,,,,,,,,,,,,,,439601
LASST37000005,,,,,,,,,,,,,,,,,,,,,,,,,,,,,,,,,,,,,4269351
LASST37000006,,,,,,,,,,,,,,,,,,,,,,,,,,,,,,,,,,,,,4708952
LAUST37000003,6.3,5.9,4.6,4.8,6.4,6.6,9.5,8.9,6.8,5.8,5.3,4.6,3.7,3.6,4.2,5.9,6.2,5.2,4.4,4.4,4.4,3.9,3.5,3.3,3.7,5.6,6.6,6.5,5.5,5.3,4.8,4.8,6.3,10.5,10.9,10.5,8.8
LAUST37000004,164888,159030,126548,135726,181920,192580,279630,261497,205492,178405,169691,149121,124487,121936,145403,209588,223851,186885,161568,166206,171017,153176,140781,132705,154577,234934,279282,274195,236325,229030,212829,214615,288200,477374,504883,489097,416631
LAUST37000005,2446126,2529193,2638569,2679714,2672066,2716224,2661636,2676515,2830825,2924224,3013274,3123756,3215902,3290494,3352165,3330035,3372068,3434311,3511339,3582647,3704108,3809601,3844792,3921244,3969235,3929977,3930736,3973635,4031081,4123857,4261325,4283826,4281719,4085701,4111884,4164814,4343583
LAUST37000006,2611014,2688223,2765117,2815440,2853986,2908804,2941266,2938012,3036317,3102629,3182965,3272877,3340389,3412430,3497568,3539623,3595919,3621196,3672907,3748853,3875125,3962777,3985573,4053949,4123812,4164911,4210018,4247830,4267406,4352887,4474154,4498441,4569919,4563075,4616767,4653911,4760214
LASST38000003,,,,,,,,,,,,,,,,,,,,,,,,,,,,,,,,,,,,,3.1
LASST38000004,,,,,,,,,,,,,,,,,,,,,,,,,,,,,,,,,,,,,12050
LASST38000005,,,,,,,,,,,,,,,,,,,,,,,,,,,,,,,,,,,,,377821
LASST38000006,,,,,,,,,,,,,,,,,,,,,,,,,,,,,,,,,,,,,389871
LAUST38000003,3.7,4.6,4.2,4,5,4.8,5.7,6,5.4,5.7,5.9,5.1,4.7,4.4,4,4.3,4.7,4.4,3.7,3.3,3.2,2.9,3,3.2,2.9,2.8,3.5,3.6,3.5,3.4,3.2,3.1,3.1,4.1,3.8,3.5,2.4
LAUST38000004,10339,13235,12562,12007,15344,14940,18125,19208,17395,18617,19339,16802,15421,14197,12860,13859,15207,14293,12653,11307,10982,10001,10378,11153,10101,9592,12231,12576,12260,12249,11545,11417,11545,15333,14383,13365,9441
LAUST38000005,267703,275939,283302,289118,292381,295699,298068,301263,306286,309007,311192,312031,312424,312064,305935,305007,305056,308915,327377,331252,334086,335854,336642,336481,335780,336228,333605,336353,339541,343625,349368,355050,358944,355838,361345,369579,382355
LAUST38000006,278042,289174,295864,301125,307725,310639,316193,320471,323681,327624,330531,328833,327845,326261,318795,318866,320263,323208,340030,342559,345068,345855,347020,347634,345881,345820,345836,348929,351801,355874,360913,366467,370489,371171,375728,382944,391796
LASST39000003,,,,,,,,,,,,,,,,,,,,,,,,,,,,,,,,,,,,,6.9
LASST39000004,,,,,,,,,,,,,,,,,,,,,,,,,,,,,,,,,,,,,395686
LASST39000005,,,,,,,,,,,,,,,,,,,,,,,,,,,,,,,,,,,,,5376291
LASST39000006,,,,,,,,,,,,,,,,,,,,,,,,,,,,,,,,,,,,,5771977
LAUST39000003,7.7,6.4,5.5,5.9,8.5,9.6,12.7,12.2,9.4,8.9,8.2,7,6.1,5.5,5.7,6.6,7.4,6.7,5.6,4.9,5,4.6,4.3,4.3,4,4.4,5.7,6.2,6.1,5.9,5.4,5.6,6.5,10.1,10,8.6,6.3
LAUST39000004,368174,310626,270871,293804,432291,489633,652821,624549,481899,459702,429910,370058,321797,297971,309641,355348,402480,370897,313974,273853,282314,264455,247857,246349,233882,258914,334943,361085,360274,344244,321406,335478,389182,601401,585515,501119,364255
LAUST39000005,4404280,4512102,4652138,4728263,4638530,4622555,4504425,4498380,4633591,4696672,4787594,4884435,4994461,5085144,5079472,5045897,5072649,5138818,5254199,5330591,5378491,5448161,5488877,5534376,5573154,5566735,5503109,5498936,5502533,5537419,5602764,5611042,5557149,5327706,5278510,5305348,5445718
LAUST39000006,4772454,4822728,4923009,5022067,5070821,5112188,5157246,5122929,5115490,5156374,5217504,5254493,5316258,5383115,5389113,5401245,5475129,5509715,5568173,5604444,5660805,5712616,5736734,5780725,5807036,5825649,5838052,5860021,5862807,5881663,5924170,5946520,5946331,5929107,5864025,5806467,5809973
LASST40000003,,,,,,,,,,,,,,,,,,,,,,,,,,,,,,,,,,,,,5.3
LASST40000004,,,,,,,,,,,,,,,,,,,,,,,,,,,,,,,,,,,,,96077
LASST40000005,,,,,,,,,,,,,,,,,,,,,,,,,,,,,,,,,,,,,1725884
LASST40000006,,,,,,,,,,,,,,,,,,,,,,,,,,,,,,,,,,,,,1821961
LAUST40000003,5.8,5,3.6,3.3,4.4,3.7,6.2,8.6,7,7.4,8.5,7.5,6.5,5.7,5.7,6.2,6.2,6,5.6,4.6,4.2,4.2,4.4,3.6,3.1,3.7,4.8,5.6,5,4.5,4.1,4.1,3.7,6.7,6.9,6.2,5.2
LAUST40000004,68882,61742,45747,42961,61244,53571,92440,133438,108999,116069,133684,116015,99911,86940,86286,94284,94849,92897,86945,72191,65935,67436,71481,59464,51523,61627,81068,95471,84105,76851,71101,71305,65061,117392,122412,108983,95467
LAUST40000005,1123183,1172713,1224162,1274082,1320770,1376705,1403204,1415275,1446175,1456578,1432286,1431081,1429860,1433720,1434566,1426240,1432081,1450076,1469487,1490602,1514880,1543105,1569498,1590838,1609522,1614627,1602118,1598614,1605641,1628655,1650070,1663632,1674794,1645168,1648822,1661839,1731673
LAUST40000006,1192065,1234455,1269909,1317043,1382014,1430276,1495644,1548713,1555174,1572647,1565970,1547096,1529771,1520660,1520852,1520524,1526930,1542973,1556432,1562793,1580815,1610541,1640979,1650302,1661045,1676254,1683186,1694085,1689746,1705506,1721171,1734937,1739855,1762560,1771234,1770822,1827140
LASST41000003,,,,,,,,,,,,,,,,,,,,,,,,,,,,,,,,,,,,,8.6
LASST41000004,,,,,,,,,,,,,,,,,,,,,,,,,,,,,,,,,,,,,169350
LASST41000005,,,,,,,,,,,,,,,,,,,,,,,,,,,,,,,,,,,,,1798287
LASST41000006,,,,,,,,,,,,,,,,,,,,,,,,,,,,,,,,,,,,,1967637
LAUST41000003,9.3,7.5,6.1,6.7,8.4,9.8,11.6,10.9,9.4,8.7,8,6.3,5.8,5.4,5.4,6.4,7.3,6.9,5.5,4.9,5.6,5.6,5.7,5.5,5.1,6.4,7.6,8.1,7.3,6.2,5.3,5.2,6.5,11.1,10.7,9.5,8.1
LAUST41000004,101866,86064,73845,83598,109635,130802,153628,145060,124757,116316,108421,87182,82147,79003,81376,96794,114346,110948,89496,81788,96665,97821,101016,98436,93196,117456,139609,150345,135273,115072,101228,99254,127065,218908,211356,188271,159439
LAUST41000005,994671,1066033,1134101,1170467,1187977,1197506,1171534,1185413,1208689,1218983,1254894,1302453,1345459,1381601,1424864,1425231,1448017,1489808,1546552,1583153,1618571,1652997,1678407,1697288,1716954,1711041,1704131,1699679,1714447,1740990,1792039,1821827,1829871,1759478,1772216,1803602,1811922
LAUST41000006,1096537,1152097,1207946,1254065,1297612,1328308,1325162,1330473,1333446,1335299,1363315,1389635,1427606,1460604,1506240,1522025,1562363,1600756,1636048,1664941,1715236,1750818,1779423,1795724,1810150,1828497,1843740,1850024,1849720,1856062,1893267,1921081,1956936,1978386,1983572,1991873,1971361
LASST42000003,,,,,,,,,,,,,,,,,,,,,,,,,,,,,,,,,,,,,8.1
LASST42000004,,,,,,,,,,,,,,,,,,,,,,,,,,,,,,,,,,,,,527574
LASST42000005,,,,,,,,,,,,,,,,,,,,,,,,,,,,,,,,,,,,,6008887
LASST42000006,,,,,,,,,,,,,,,,,,,,,,,,,,,,,,,,,,,,,6536461
LAUST42000003,8,7.7,6.9,6.8,7.9,8.4,11.3,11.6,9.1,8.1,6.9,5.7,5,4.7,5.4,6.9,7.7,7.1,6.3,5.9,5.4,5.1,4.6,4.4,4.2,4.8,5.6,5.7,5.4,5,4.5,4.4,5.4,8,8.5,7.9,7.4
LAUST42000004,410908,401073,366558,367134,427761,462176,618562,640664,503194,447300,388809,320334,288380,273131,316657,404532,454373,418976,373136,345739,325746,310592,280750,268002,254931,293417,348552,349266,337235,312201,286574,276227,345168,509288,540922,506817,485178
LAUST42000005,4721443,4807072,4932945,5017263,4997386,5021591,4878084,4864674,5000992,5106655,5228972,5336412,5446776,5533959,5510009,5437439,5455450,5504269,5529551,5554303,5662126,5775178,5787593,5809824,5830902,5874153,5869224,5795701,5859561,5958238,6021084,6054127,6102990,5895057,5848673,5878897,6070348
LAUST42000006,5132351,5208145,5299503,5384397,5425147,5483767,5496646,5505338,5504186,5553955,5617781,5656746,5735156,5807090,5826666,5841971,5909823,5923245,5902687,5900042,5987872,6085770,6068343,6077826,6085833,6167570,6217776,6144967,6196796,6270439,6307658,6330354,6448158,6404345,6389595,6385714,6555526
LASST44000003,,,,,,,,,,,,,,,,,,,,,,,,,,,,,,,,,,,,,10.4
LASST44000004,,,,,,,,,,,,,,,,,,,,,,,,,,,,,,,,,,,,,58707
LASST44000005,,,,,,,,,,,,,,,,,,,,,,,,,,,,,,,,,,,,,504704
LASST44000006,,,,,,,,,,,,,,,,,,,,,,,,,,,,,,,,,,,,,563411
LAUST44000003,8,7.7,6.5,6.3,7.1,7.9,9.4,8.4,5.6,4.5,4,3.6,3,4,6.1,8.1,8.8,7.9,6.8,6.2,5.3,5.2,4.6,4.2,4.2,4.5,5.1,5.4,5.2,5.1,5.1,5.2,7.7,10.9,11.7,11.3,9.9
LAUST44000004,35113,34587,29319,29572,33383,37838,44628,39833,27591,22402,20286,18508,15642,20855,32177,42479,46810,41708,35212,31463,27500,27735,24460,22559,22646,24784,28070,30315,29050,28478,29027,29809,44166,61656,66725,63399,56397
LAUST44000005,405847,412959,423875,436488,436954,441105,431527,437170,464205,475926,485994,495750,502255,500778,493674,480591,483329,484965,480669,477409,489929,504147,509551,518848,520758,520677,525721,533265,526046,532961,543973,544437,527304,503806,503576,500014,512722
LAUST44000006,440960,447546,453194,466060,470337,478943,476155,477003,491796,498328,506280,514258,517897,521633,525851,523070,530139,526673,515881,508872,517429,531882,534011,541407,543404,545461,553791,563580,555096,561439,573000,574246,571470,565462,570301,563413,569119
LASST45000003,,,,,,,,,,,,,,,,,,,,,,,,,,,,,,,,,,,,,8.6
LASST45000004,,,,,,,,,,,,,,,,,,,,,,,,,,,,,,,,,,,,,183024
LASST45000005,,,,,,,,,,,,,,,,,,,,,,,,,,,,,,,,,,,,,1954801
LASST45000006,,,,,,,,,,,,,,,,,,,,,,,,,,,,,,,,,,,,,2137825
LAUST45000003,7.1,6.8,5.6,5,6.6,8,10.7,9.6,6.7,6.6,6.2,5.2,4.6,4.6,4.9,6.1,6.6,7.2,6,5.1,5.6,4.4,3.6,4.1,3.6,5.2,6,6.7,6.8,6.8,6.4,5.6,6.8,11.5,11.2,10.3,8.2
LAUST45000004,90917,89237,74233,67113,92665,114633,161077,143941,101289,104157,99624,85671,76136,78381,83570,107031,118924,131687,111053,95233,106731,84349,69230,79779,70794,100743,115907,133257,138430,139983,134123,119068,145281,247611,241162,221381,175531
LAUST45000005,1193533,1221954,1257426,1285486,1301576,1325929,1342557,1361533,1405232,1479200,1516970,1550593,1581786,1611486,1638580,1653770,1673620,1696068,1729363,1754633,1785646,1819508,1849075,1876895,1917365,1834871,1826240,1854419,1888050,1922367,1970912,2010252,2000582,1903146,1909414,1935885,1970153
LAUST45000006,1284450,1311191,1331659,1352599,1394241,1440562,1503634,1505474,1506521,1583357,1616594,1636264,1657922,1689867,1722150,1760801,1792544,1827755,1840416,1849866,1892377,1903857,1918305,1956674,1988159,1935614,1942147,1987676,2026480,2062350,2105035,2129320,2145863,2150757,2150576,2157266,2145684
LASST46000003,,,,,,,,,,,,,,,,,,,,,,,,,,,,,,,,,,,,,4.5
LASST46000004,,,,,,,,,,,,,,,,,,,,,,,,,,,,,,,,,,,,,19758
LASST46000005,,,,,,,,,,,,,,,,,,,,,,,,,,,,,,,,,,,,,424157
LASST46000006,,,,,,,,,,,,,,,,,,,,,,,,,,,,,,,,,,,,,443915
LAUST46000003,3.4,3.5,3.3,3.4,4.7,4.8,5.5,5.3,4.5,4.8,4.7,4.4,4.2,4,3.7,3.6,3.5,3.6,3.4,3.3,3.4,3.1,3,2.8,2.7,3.1,3.3,3.5,3.7,3.7,3.1,2.9,3,5.2,5,4.7,4.0
LAUST46000004,10541,10964,10687,11365,15754,16071,18206,17747,15274,16623,16255,15567,14875,14283,13139,12755,12705,13079,12641,12573,13332,12060,11929,11430,11007,12912,13788,14956,15651,15715,13551,12659,13284,22869,22378,20841,17985
LAUST46000005,298130,306399,314617,319673,318046,317244,315106,317167,325429,327853,333232,338469,342024,344370,337503,341025,345996,352666,364452,373515,379222,383216,389748,394898,397678,400352,402397,408089,411708,413819,421799,426763,429728,420665,421066,425413,429565
LAUST46000006,308671,317363,325304,331038,333800,333315,333312,334914,340703,344476,349487,354036,356899,358653,350642,353780,358701,365745,377093,386088,392554,395276,401677,406328,408685,413264,416185,423045,427359,429534,435350,439422,443012,443534,443444,446254,447550
LASST47000003,,,,,,,,,,,,,,,,,,,,,,,,,,,,,,,,,,,,,8.2
LASST47000004,,,,,,,,,,,,,,,,,,,,,,,,,,,,,,,,,,,,,253565
LASST47000005,,,,,,,,,,,,,,,,,,,,,,,,,,,,,,,,,,,,,2855180
LASST47000006,,,,,,,,,,,,,,,,,,,,,,,,,,,,,,,,,,,,,3108745
LAUST47000003,6.2,6.3,5.9,6,7.3,9.2,11.7,11.7,9.3,8.2,7.9,6.8,5.8,5.2,5.5,6.6,6.6,6,5.1,5.3,5.3,5.3,4.5,4.1,4,4.7,5.3,5.7,5.4,5.6,5.2,4.8,6.6,10.5,9.8,9.2,7.8
LAUST47000004,115182,122324,117533,122047,151483,195462,249676,255825,207055,185742,180562,157604,136374,123604,132078,159396,162798,151706,134648,144047,147371,148343,126549,116614,115041,134993,152116,164764,158114,163808,156439,146180,202210,318267,301100,287732,242636
LAUST47000005,1745576,1816693,1866238,1918544,1920122,1927620,1891509,1932428,2026401,2070047,2110655,2166531,2197182,2241272,2269015,2265985,2316661,2391568,2511085,2574000,2610975,2640005,2685151,2722124,2756498,2728523,2714992,2731371,2746241,2778489,2852509,2901754,2855946,2716061,2783027,2845010,2884197
LAUST47000006,1860758,1939017,1983771,2040591,2071605,2123082,2141185,2188253,2233456,2255789,2291217,2324135,2333556,2364876,2401093,2425381,2479459,2543274,2645733,2718047,2758346,2788348,2811700,2838738,2871539,2863516,2867108,2896135,2904355,2942297,3008948,3047934,3058156,3034328,3084127,3132742,3126833
LASST48000003,,,,,,,,,,,,,,,,,,,,,,,,,,,,,,,,,,,,,6.6
LASST48000004,,,,,,,,,,,,,,,,,,,,,,,,,,,,,,,,,,,,,832486
LASST48000005,,,,,,,,,,,,,,,,,,,,,,,,,,,,,,,,,,,,,11811521
LASST48000006,,,,,,,,,,,,,,,,,,,,,,,,,,,,,,,,,,,,,12644007
LAUST48000003,5.8,5.4,4.8,4.4,5.2,5.3,6.9,7.9,6.2,6.8,8.9,8.5,7.4,6.7,6.4,7,7.6,7.2,6.6,6.1,5.8,5.4,4.9,4.7,4.4,5,6.4,6.7,6,5.4,4.9,4.4,4.9,7.5,8.2,7.9,6.3
LAUST48000004,330393,321054,301480,285742,350225,377735,510614,605946,488030,550556,731621,705132,617016,567854,551865,612478,684139,659875,617019,586801,560663,531315,496900,483726,451845,527415,687888,736116,666594,599137,556831,497793,573946,897093,1004979,986979,792388
LAUST48000005,5375578,5641416,5927062,6195928,6417249,6701939,6874191,7033882,7339653,7498264,7459981,7590455,7732050,7883306,8041859,8139722,8307176,8543207,8778660,8985635,9175983,9395279,9600982,9766299,9896002,9991920,10115299,10228640,10385318,10551547,10757510,10914098,11079931,11071106,11264748,11464525,11879161
LAUST48000006,5705971,5962470,6228542,6481670,6767474,7079674,7384805,7639828,7827683,8048820,8191602,8295587,8349066,8451160,8593724,8752200,8991315,9203082,9395679,9572436,9736646,9926594,10097882,10250025,10347847,10519335,10803187,10964756,11051912,11150684,11314341,11411891,11653877,11968199,12269727,12451504,12671549
LASST49000003,,,,,,,,,,,,,,,,,,,,,,,,,,,,,,,,,,,,,5.2
LASST49000004,,,,,,,,,,,,,,,,,,,,,,,,,,,,,,,,,,,,,70844
LASST49000005,,,,,,,,,,,,,,,,,,,,,,,,,,,,,,,,,,,,,1290210
LASST49000006,,,,,,,,,,,,,,,,,,,,,,,,,,,,,,,,,,,,,1361054
LAUST49000003,5.6,5.3,3.9,4.5,6.5,6.5,8.3,8.8,6.5,6.2,6.2,6.2,5,4.6,4.4,4.7,4.9,4.2,3.9,3.5,3.5,3.2,3.7,3.6,3.4,4.4,5.8,5.7,5.1,4.1,2.9,2.6,3.5,7.6,8,6.7,5.1
LAUST49000004,29641,29026,22339,26842,40718,42223,56024,61297,46091,44949,45818,47221,37902,36675,36386,40294,43874,38831,37876,35592,36146,33850,40691,40150,38121,50886,68046,68307,62862,53175,39044,35595,48227,105465,109041,90062,69261
LAUST49000005,496231,521164,546139,574503,589404,605228,616655,632059,659594,678184,697404,709863,727586,752597,784050,810806,845398,892956,945389,979367,1004347,1034429,1061282,1080441,1097915,1108547,1113645,1139129,1179142,1230451,1285389,1329174,1332003,1277162,1252715,1248197,1298174
LAUST49000006,525872,550190,568478,601345,630122,647451,672679,693356,705685,723133,743222,757084,765488,789272,820436,851100,889272,931787,983265,1014959,1040493,1068279,1101973,1120591,1136036,1159433,1181691,1207436,1242004,1283626,1324433,1364769,1380230,1382627,1361756,1338259,1367435
LASST50000003,,,,,,,,,,,,,,,,,,,,,,,,,,,,,,,,,,,,,5.5
LASST50000004,,,,,,,,,,,,,,,,,,,,,,,,,,,,,,,,,,,,,19563
LASST50000005,,,,,,,,,,,,,,,,,,,,,,,,,,,,,,,,,,,,,338620
LASST50000006,,,,,,,,,,,,,,,,,,,,,,,,,,,,,,,,,,,,,358183
LAUST50000003,8.5,7.1,5.5,4.9,6.3,5.8,7.2,6.7,4.9,4.8,4.4,3.8,3,3.6,4.9,6.6,6.4,5.3,4.6,4.3,4.4,4,3.1,2.9,2.7,3.3,4,4.5,3.7,3.5,3.7,3.9,4.5,6.9,6.4,5.6,4.6
LAUST50000004,18527,16271,13241,12086,15610,14818,19036,17859,13416,13394,12764,11062,8845,10890,15206,20356,20133,16604,14389,13707,14271,13014,10251,9834,9056,11135,13868,15478,12880,12235,13278,14011,16194,24749,23059,20089,16600
LAUST50000005,199746,212105,225503,232575,234061,242478,244005,247565,258134,266786,275617,283370,289026,293595,294074,288280,292288,298277,301836,305279,309653,315806,321608,325581,326742,330099,331763,331292,334188,336583,343149,341282,341783,335098,336785,339077,342668
LAUST50000006,218273,228376,238744,244661,249671,257296,263041,265424,271550,280180,288381,294432,297871,304485,309280,308636,312421,314881,316225,318986,323924,328820,331859,335415,335798,341234,345631,346770,347068,348818,356427,355293,357977,359847,359844,359166,359268
LASST51000003,,,,,,,,,,,,,,,,,,,,,,,,,,,,,,,,,,,,,5.7
LASST51000004,,,,,,,,,,,,,,,,,,,,,,,,,,,,,,,,,,,,,249588
LASST51000005,,,,,,,,,,,,,,,,,,,,,,,,,,,,,,,,,,,,,4097622
LASST51000006,,,,,,,,,,,,,,,,,,,,,,,,,,,,,,,,,,,,,4347210
LAUST51000003,5.9,5.5,5.2,4.7,5.2,5.8,7.4,6.3,5.1,5.4,4.9,4.2,4,3.9,4.4,5.9,6.2,5.2,4.7,4.5,4.3,3.7,2.8,2.7,2.3,3.2,4.2,4.1,3.7,3.5,3,3.1,4,6.9,6.9,6.2,5.4
LAUST51000004,137082,132675,128351,119209,133062,153743,196591,172845,142275,154007,143725,125916,121805,122669,143192,193648,206341,173926,161482,154894,147917,126915,99247,94820,81513,117652,156557,155724,142678,137986,121209,123065,164136,287983,294746,268833,234284
LAUST51000005,2205277,2269167,2348569,2409453,2443621,2482021,2466999,2561568,2668199,2721669,2791282,2873648,2944634,3014834,3076925,3103294,3146997,3195680,3265139,3317434,3252499,3323266,3384653,3441589,3502524,3537719,3588079,3647095,3715272,3783813,3862508,3894111,3947186,3915856,3960416,4037341,4124894
LAUST51000006,2342359,2401842,2476920,2528662,2576683,2635764,2663590,2734413,2810474,2875676,2935007,2999564,3066439,3137503,3220117,3296942,3353338,3369606,3426621,3472328,3400416,3450181,3483900,3536409,3584037,3655371,3744636,3802819,3857950,3921799,3983717,4017176,4111322,4203839,4255162,4306174,4359178
LASST53000003,,,,,,,,,,,,,,,,,,,,,,,,,,,,,,,,,,,,,8.2
LASST53000004,,,,,,,,,,,,,,,,,,,,,,,,,,,,,,,,,,,,,285801
LASST53000005,,,,,,,,,,,,,,,,,,,,,,,,,,,,,,,,,,,,,3197898
LASST53000006,,,,,,,,,,,,,,,,,,,,,,,,,,,,,,,,,,,,,3483699
LAUST53000003,8.8,8.4,6.8,6.7,7.9,9.4,11.8,11,9.2,8.3,8,7.2,6.2,5.8,5.1,6.3,7.2,7.1,6.5,6.3,5.9,4.9,4.8,4.8,5,6.2,7.3,7.4,6.2,5.5,4.9,4.6,5.4,9.4,9.9,9.2,7.2
LAUST53000004,143498,141894,122738,128388,156656,186867,239519,226537,189826,175505,176033,163526,145359,141769,130594,160307,188716,191091,178175,176600,170469,144428,145148,148588,151344,189009,227676,232924,199708,179555,163868,154123,188204,329510,349065,319466,252565
LAUST53000005,1479689,1555038,1684832,1793926,1815717,1808415,1784599,1835043,1876848,1926816,2016535,2096708,2181107,2290164,2406444,2383588,2445866,2500782,2566663,2636011,2711963,2822223,2886871,2917577,2898677,2863705,2877022,2913230,2999526,3075972,3155384,3232652,3283923,3193293,3167398,3165348,3231274
LAUST53000006,1623187,1696932,1807570,1922314,1972373,1995282,2024118,2061580,2066674,2102321,2192568,2260234,2326466,2431933,2537038,2543895,2634582,2691873,2744838,2812611,2882432,2966651,3032019,3066165,3050021,3052714,3104698,3146154,3199234,3255527,3319252,3386775,3472127,3522803,3516463,3484814,3483839
LASST54000003,,,,,,,,,,,,,,,,,,,,,,,,,,,,,,,,,,,,,7.5
LASST54000004,,,,,,,,,,,,,,,,,,,,,,,,,,,,,,,,,,,,,60311
LASST54000005,,,,,,,,,,,,,,,,,,,,,,,,,,,,,,,,,,,,,740305
LASST54000006,,,,,,,,,,,,,,,,,,,,,,,,,,,,,,,,,,,,,800616
LAUST54000003,7.4,6.6,6,6.9,9.6,10.7,14.3,17.4,14.7,13.4,12,10.8,9.7,8.7,8.6,10.5,11.3,10.4,8.7,7.9,7.4,6.8,6.5,6.3,5.5,5.2,5.9,6,5.3,4.9,4.5,4.2,4.2,7.7,8.5,8,6.8
LAUST54000004,51418,47556,44370,52837,74763,82428,110383,135206,111656,100743,89351,80471,72395,64955,65122,80779,87793,81231,68100,61678,58879,54273,52463,50985,44212,41719,47067,47154,41479,39038,36736,34295,34075,61643,68126,63805,54312
LAUST54000005,646629,670524,697281,710401,701820,688256,660867,639713,647587,648775,654958,663451,674110,684483,691184,688512,689628,696784,712664,723904,735710,746442,754629,762395,764649,758904,749164,742424,746854,763696,777210,774412,770545,743178,733769,736078,749653
LAUST54000006,698047,718080,741651,763238,776583,770684,771250,774919,759243,749518,744309,743922,746505,749438,756306,769291,777421,778015,780764,785582,794589,800715,807092,813380,808861,800623,796231,789578,788333,802734,813946,808707,804620,804821,801895,799883,803965
LASST55000003,,,,,,,,,,,,,,,,,,,,,,,,,,,,,,,,,,,,,6.9
LASST55000004,,,,,,,,,,,,,,,,,,,,,,,,,,,,,,,,,,,,,211119
LASST55000005,,,,,,,,,,,,,,,,,,,,,,,,,,,,,,,,,,,,,2850050
LASST55000006,,,,,,,,,,,,,,,,,,,,,,,,,,,,,,,,,,,,,3061169
LAUST55000003,5.5,5,4.8,4.5,7.3,7.9,10.3,9.8,7.3,7.2,6.9,6.1,4.2,4.2,4.3,5.3,5.2,4.5,4.3,3.7,3.6,3.5,3.3,3.1,3.4,4.4,5.3,5.6,5,4.8,4.7,4.8,4.8,8.7,8.5,7.5,5.7
LAUST55000004,118769,110670,109477,103237,172436,189140,247633,236417,174352,172934,168013,151885,106112,109815,112769,140788,138822,123959,121782,107610,105430,103028,97084,91002,101207,133061,160153,171087,152026,145691,144614,148201,149603,272441,260873,228828,173745
LAUST55000005,2021850,2083604,2153903,2207603,2190079,2195594,2162766,2165339,2214989,2228157,2274641,2344901,2423289,2478280,2486129,2499353,2556294,2628814,2713392,2773640,2815599,2855830,2869982,2879024,2894884,2897937,2860915,2862587,2868376,2890117,2932482,2948725,2939773,2842916,2821803,2833431,2892230
LAUST55000006,2140619,2194274,2263380,2310840,2362515,2384734,2410399,2401756,2389341,2401091,2442654,2496786,2529401,2588095,2598898,2640141,2695116,2752773,2835174,2881250,2921029,2958858,2967066,2970026,2996091,3030998,3021068,3033674,3020402,3035808,3077096,3096926,3089376,3115357,3082676,3062259,3065975
LASST56000003,,,,,,,,,,,,,,,,,,,,,,,,,,,,,,,,,,,,,5.2
LASST56000004,,,,,,,,,,,,,,,,,,,,,,,,,,,,,,,,,,,,,15763
LASST56000005,,,,,,,,,,,,,,,,,,,,,,,,,,,,,,,,,,,,,289347
LASST56000006,,,,,,,,,,,,,,,,,,,,,,,,,,,,,,,,,,,,,305110
LAUST56000003,4,3.4,3,2.6,4,4.1,6.1,8.3,6.3,7.1,8.9,8.2,6.6,6.3,5.3,5.1,5.7,5.5,5,4.9,5.2,4.8,4.9,4.9,3.8,3.9,4.2,4.5,3.9,3.7,3.2,2.8,3.1,6.3,7,6,4.4
LAUST56000004,7205,6642,6346,5765,9366,10151,15537,21406,16166,18048,22254,19917,15562,14986,12512,11932,13514,13422,12590,12350,13157,12319,12822,12848,10197,10477,11192,12118,10733,10256,9076,8163,9160,18982,21220,18111,13440
LAUST56000005,172798,188505,203706,217570,227193,237187,237994,236570,238923,234986,228544,222093,221422,221913,223531,223192,224562,229177,236885,240846,241560,243944,247748,251828,256685,259508,258462,259489,262358,267927,276882,282417,287181,281659,281995,286131,291794
LAUST56000006,180003,195147,210052,223335,236559,247338,253531,257976,255089,253034,250798,242010,236984,236899,236043,235124,238076,242599,249475,253196,254717,256263,260570,264676,266882,269985,269654,271607,273091,278183,285958,290580,296341,300641,303215,304242,305234
